Probe_ID,logFC,AveBeta_case,AveBeta_ctrl,deltaBeta,P.Value,adj.P.Val
cg21943599,2.83886486330072,0.514752342734245,0.883547235676302,-0.368794892942057,1.07078749666108e-20,1.22121172419202e-15
cg21853542,3.9840862307012,0.121059548329731,0.684278323949156,-0.563218775619425,7.37352036679527e-20,3.02194414935378e-15
cg02349669,-3.3649018682153,0.738921656870545,0.216422842765313,0.522498814105232,1.05988501310107e-19,3.02194414935378e-15
cg07876903,-3.44351942102095,0.246703073604963,0.0282390760828021,0.218463997522161,1.09486077837459e-18,1.61947245732859e-14
cg01775802,-2.73201783141697,0.889473983705218,0.548841411843742,0.340632571861476,3.64887169699836e-18,3.46788766082724e-14
cg00629289,-2.68874303771731,0.264302960421209,0.0519250370703536,0.212377923350855,3.05343504285846e-17,1.39591667294693e-13
cg04685962,2.53153148264662,0.532345384186303,0.868149257501982,-0.335803873315679,5.26585556922327e-17,2.00186765319592e-13
cg23215407,2.93766780467555,0.0881473235236613,0.425082358805759,-0.336935035282098,1.00208781679624e-16,3.22127598249218e-13
cg02125271,1.99543004193892,0.443181369292136,0.760378024254933,-0.317196654962797,1.01681691366546e-16,3.22127598249218e-13
cg13713522,1.94759915930085,0.515524919997114,0.804213029261353,-0.288688109264239,1.15230743776308e-16,3.55184753140552e-13
cg02913521,3.02896562611501,0.220131008879805,0.69588340638375,-0.475752397503945,3.08330354198018e-16,7.3259292157449e-13
cg14018412,-2.20848175334642,0.815122711345346,0.48894944359024,0.326173267755106,3.65737750361844e-16,8.25046657363856e-13
cg02622647,-2.60177692081665,0.570562699729988,0.181256386171692,0.389306313558296,4.19602972179624e-16,8.86201477243366e-13
cg02512202,-3.18740302860531,0.313829933094437,0.0510357649560434,0.262794168138393,5.17868778733891e-16,1.01830859443177e-12
cg04205664,-2.92876521598929,0.861464454095267,0.452220845173759,0.409243608921508,5.76722168395896e-16,1.09623349768692e-12
cg17678719,-2.7749142092566,0.249528211944565,0.0453967100651366,0.204131501879428,7.08530221888371e-16,1.30332991525685e-12
cg12600109,2.52760650398405,0.691304405408578,0.92792527584346,-0.236620870434882,2.38853973031318e-15,3.20480210779714e-12
cg17628700,1.93671383497328,0.11006644512231,0.32189854150521,-0.2118320963829,2.91882306326272e-15,3.68092506532333e-12
cg25367084,2.57184264335174,0.672435292956701,0.924608030264578,-0.252172737307877,3.06494005367876e-15,3.75206661739088e-12
cg15894722,2.32031421927315,0.105207092965773,0.369769409959334,-0.264562316993561,3.43043087412145e-15,4.07535187845628e-12
cg16060369,2.61509388688121,0.241514695932213,0.658746983910976,-0.417232287978762,4.15563869110734e-15,4.88600290147845e-12
cg03342114,-2.71382356215813,0.302300245858501,0.0608927258442696,0.241407520014231,4.32914087801516e-15,5.0380597842436e-12
cg10092377,2.70215524871626,0.332750080440156,0.763725272777247,-0.430975192337091,4.4867922746651e-15,5.15321584754276e-12
cg15646967,1.82036578624635,0.525055010100244,0.796199735269387,-0.271144725169143,1.01142742937446e-14,9.81167873994343e-12
cg24491553,-1.65200725147636,0.677220895444716,0.400475019070156,0.27674587637456,1.7370480465051e-14,1.50080951218041e-11
cg16577540,2.66904451522746,0.0755857719152547,0.34085975270961,-0.265273980794355,1.84187409691125e-14,1.54457394856275e-11
cg03832522,-2.22478418013101,0.697337828692974,0.331298903108327,0.366038925584647,2.29725487697272e-14,1.85813705112755e-11
cg00592944,2.8068921496239,0.705126081942076,0.944078098237787,-0.238952016295711,2.40743127786259e-14,1.89353601639774e-11
cg04643437,-1.8351415272276,0.572982455007633,0.273445509416399,0.299536945591234,2.6063739231095e-14,1.9849793150887e-11
cg00255853,-2.9241147058705,0.263877055646203,0.0438912829469695,0.219985772699233,2.61071563958425e-14,1.9849793150887e-11
cg01355739,1.42650225206076,0.484472525618697,0.7162177401217,-0.231745214503002,2.68801821447163e-14,2.01686250871092e-11
cg08508887,2.58618589070505,0.651884394731153,0.915619625771345,-0.263735231040192,2.72817816992106e-14,2.03361610407292e-11
cg18668753,1.56320296742594,0.45100234503279,0.707926164435219,-0.25692381940243,2.75436065768294e-14,2.0398008070612e-11
cg12129117,-1.82824149269407,0.769304587126509,0.484862512761498,0.284442074365012,2.87877577719668e-14,2.08795523787533e-11
cg20008140,1.62480351399251,0.393995682755721,0.667218591925549,-0.273222909169828,3.04478062384004e-14,2.14352555918339e-11
cg25341338,2.27209987119851,0.121402218547327,0.399299192747495,-0.277896974200169,3.1165076096637e-14,2.18056110347807e-11
cg10297942,-2.95899500751802,0.361713097712417,0.0669666692458048,0.294746428466612,3.27892261635354e-14,2.25273835271017e-11
cg13003239,2.56887865300347,0.0897658403001571,0.367749386959707,-0.27798354665955,3.42248317541991e-14,2.29604330111935e-11
cg24657127,2.12952935709062,0.0855648060209979,0.291987513556808,-0.20642270753581,5.26403766389016e-14,3.2104436764243e-11
cg03461704,-2.05400539582909,0.851294855608086,0.581235254950654,0.270059600657432,5.68931681464581e-14,3.40236424417072e-11
cg17652507,1.53094197504942,0.417691258536193,0.674623656207111,-0.256932397670918,6.64853882176691e-14,3.71692429188663e-11
cg18898992,1.32485801656849,0.474081944779384,0.692996999693228,-0.218915054913844,7.0092050080259e-14,3.82481250122171e-11
cg12026095,2.61776959247418,0.0824667350620828,0.354197844484631,-0.271731109422548,8.07371867097003e-14,4.28275100924089e-11
cg26196860,2.32873096570097,0.636322865267726,0.89752543110313,-0.261202565835404,9.0822820273225e-14,4.7054153730567e-11
cg16833551,1.40902674096082,0.533558656279251,0.751975442677922,-0.218416786398671,9.58957775647426e-14,4.86076517320168e-11
cg21667116,1.59207629761868,0.369238328224309,0.63802797876113,-0.268789650536821,1.01083092042692e-13,4.99061665856492e-11
cg13851870,2.32356555326299,0.350734293542395,0.72923760681619,-0.378503313273795,1.31675621815376e-13,6.20551294082646e-11
cg03615235,1.88500310680685,0.588704794857769,0.839390388709975,-0.250685593852206,1.34122238485181e-13,6.24341757337059e-11
cg03334052,-1.71316086596919,0.787354240946561,0.531096205074666,0.256258035871895,1.43534859025666e-13,6.54794544086366e-11
cg16492735,1.55879315907553,0.399949572099167,0.662511900766839,-0.262562328667673,1.85871980537057e-13,8.06020062216359e-11
cg13812291,1.63958453038026,0.431500912408869,0.702619891077993,-0.271118978669124,2.28288741849648e-13,9.29852658231022e-11
cg12480034,-2.09359068034481,0.393468271571819,0.131061372268655,0.262406899303164,2.31551103309665e-13,9.34831771200427e-11
cg26300597,2.30007410381536,0.249946079743307,0.619717100559575,-0.369771020816268,2.40997959466389e-13,9.64819763708283e-11
cg04678950,1.36195890037307,0.456335752900427,0.683311812553635,-0.226976059653209,2.98618011182484e-13,1.10008771410817e-10
cg01656470,1.54375100547961,0.50741128387227,0.749415144218608,-0.242003860346338,3.0486769645702e-13,1.1071692786775e-10
cg01188578,-4.73438537825824,0.793653735794253,0.131901931834343,0.66175180395991,3.67590282490221e-13,1.26655397394093e-10
cg17580798,1.48434943390706,0.437632447684678,0.685317558097278,-0.2476851104126,4.02110217009403e-13,1.3488195891026e-10
cg14502625,-1.82009031349666,0.695815935441086,0.393789977805367,0.302025957635719,4.17810287502122e-13,1.38117181649397e-10
cg15363487,2.28623098267978,0.0869639193188754,0.316122143415901,-0.229158224097026,6.58203234473812e-13,1.94978603857842e-10
cg07648238,-2.07373476655237,0.33142592031359,0.105954810091994,0.225471110221596,7.23309689707301e-13,2.10438835438108e-10
cg08306955,2.2442532566247,0.218552781925618,0.567926693244549,-0.349373911318931,8.2032424416e-13,2.29304753426372e-10
cg02319016,1.52413254339946,0.569714787872788,0.792227956690021,-0.222513168817232,8.27109393477703e-13,2.30636117621871e-10
cg12780433,1.90271376544961,0.112403759593849,0.32059643291162,-0.208192673317771,8.73488926999134e-13,2.41534676645292e-10
cg18362448,1.37045592068844,0.374654249523183,0.607605838633315,-0.232951589110132,9.17514250828695e-13,2.4828288953863e-10
cg07703783,2.11765727415802,0.117459133800009,0.364456370504604,-0.246997236704595,1.01017741929658e-12,2.66070933755049e-10
cg15310583,2.36791934676991,0.248606855563415,0.624201472307823,-0.375594616744408,1.41839221123211e-12,3.49384006277753e-10
cg26104781,1.22655212455369,0.458148784437712,0.664365629221996,-0.206216844784285,1.74010419173696e-12,4.06670907498395e-10
cg22639787,1.43235851144391,0.552632822263043,0.769123302824849,-0.216490480561807,1.81776465894296e-12,4.17127613326211e-10
cg25599198,1.50467250352858,0.506475904247966,0.74449616960902,-0.238020265361053,1.86546166608285e-12,4.2380910775581e-10
cg18644235,1.52098540256378,0.494186832165042,0.735793361103232,-0.24160652893819,2.14243939288873e-12,4.68984506487858e-10
cg13086586,-1.67734260109088,0.502504672641326,0.241115183216983,0.261389489424343,2.17444072283497e-12,4.74169437013161e-10
cg02775353,-1.44499619124497,0.72321052459637,0.490170839900396,0.233039684695974,2.31712787818531e-12,4.94876030433106e-10
cg09453076,-1.77728594863542,0.337897046952929,0.129833588304121,0.208063458648808,2.38582770834284e-12,5.07647161345307e-10
cg11175683,1.44835744835661,0.449111062740512,0.68942359955782,-0.240312536817309,2.45725324849831e-12,5.18971886082842e-10
cg04521244,1.28351562713775,0.468749027523446,0.682109345697471,-0.213360318174025,2.53832395996831e-12,5.31631073758288e-10
cg11496113,-1.60188726792435,0.728838054255445,0.470371075140539,0.258466979114905,2.81070467852552e-12,5.76538214346185e-10
cg11964474,1.4553720639147,0.567849470168282,0.782880818232549,-0.215031348064267,3.00173639059229e-12,6.0060005591977e-10
cg26908356,-4.55237526340163,0.710289384871333,0.0978156496247342,0.612473735246599,3.18841141418998e-12,6.30085239515793e-10
cg00393376,1.48964682435548,0.197352712574164,0.408235088642567,-0.210882376068404,3.41979138573927e-12,6.59932940712001e-10
cg11174847,1.25458997479023,0.480237134706558,0.687731795276557,-0.207494660569998,3.51325473831896e-12,6.73411220833278e-10
cg11914795,1.91740292456771,0.681700392616869,0.889665001734617,-0.207964609117748,3.60586230861443e-12,6.85402307621431e-10
cg02219360,1.25935852626923,0.390424650141096,0.605092349000967,-0.21466769885987,3.78710017662516e-12,7.07384961185485e-10
cg04105760,2.28295955918891,0.123244783574048,0.403365860673207,-0.280121077099159,3.78973950691228e-12,7.07384961185485e-10
cg08129017,-1.75343169099491,0.703256254069565,0.413742448436338,0.289513805633227,3.82679213756001e-12,7.11970619419974e-10
cg01525244,-1.73298503997583,0.494580520159204,0.228290377835631,0.266290142323573,4.24628829310619e-12,7.72377491630264e-10
cg15281724,1.66435630009342,0.570710843900435,0.80795587126741,-0.237245027366975,4.71400272850777e-12,8.34817675746668e-10
cg14044426,2.1195076113106,0.206852386321533,0.528954680477811,-0.322102294156277,5.46510285985737e-12,9.30274702926885e-10
cg11441553,1.57031249789989,0.175587770315855,0.387182145844482,-0.211594375528627,6.20947101581843e-12,1.02042903517588e-09
cg00088885,2.01244863523182,0.213417697731283,0.520754674007339,-0.307336976276056,6.95818051815357e-12,1.12403197129515e-09
cg03467813,-1.79892055621912,0.790915663426461,0.52267307535035,0.268242588076111,7.00385541919405e-12,1.12981004646145e-09
cg10853231,1.54553257144023,0.233016063779093,0.469409370861062,-0.23639330708197,8.52479297085856e-12,1.31035531818964e-09
cg08188271,1.82805717680704,0.506873127286455,0.784975437703147,-0.278102310416692,9.78458863080473e-12,1.43803191258507e-09
cg00522231,2.55605544074945,0.610027754858604,0.894883390298864,-0.284855635440261,9.94830099499074e-12,1.45688212771161e-09
cg17128184,1.57534153062646,0.613276645611184,0.825547051001257,-0.212270405390073,1.0000538355747e-11,1.45849283682382e-09
cg21786114,1.7111046537748,0.164526339552536,0.391645880911075,-0.227119541358539,1.03565700949122e-11,1.49701661113377e-09
cg12096759,1.35778284726343,0.541396658557491,0.751580683243378,-0.210184024685887,1.05768395814938e-11,1.52306489973511e-09
cg11963436,-2.33020077090911,0.555976284051885,0.199937282245615,0.356039001806269,1.28918736479659e-11,1.76717837235963e-09
cg03163878,1.82974039082694,0.151302196004082,0.386258775420349,-0.234956579416266,1.30723247035419e-11,1.7854760332809e-09
cg15453778,1.70507774540266,0.213313148257636,0.468559338498813,-0.255246190241178,1.33191084059043e-11,1.81050974431058e-09
cg00972288,1.52273827619449,0.199538146118264,0.416990939672665,-0.217452793554401,1.52404049247471e-11,2.00015845898454e-09
cg16935913,2.34980980432886,0.697242700694148,0.920385686648469,-0.223142985954321,1.52239939703938e-11,2.00015845898454e-09
cg07848310,2.11898502339026,0.0970998983844307,0.316047406778637,-0.218947508394206,1.62550189039616e-11,2.09474847001018e-09
cg24088508,-4.23659466376709,0.684403158801444,0.106543397352631,0.577859761448813,1.6710429058748e-11,2.14133821718212e-09
cg17854284,2.36668293151892,0.0942919361484741,0.345590152269028,-0.251298216120554,1.86233812011006e-11,2.32890282809553e-09
cg01282432,-1.73903779352532,0.378444500365833,0.153560414024456,0.224884086341377,1.91386694578791e-11,2.3751109622766e-09
cg02052366,1.43821836575348,0.56652548690171,0.779788788269238,-0.213263301367527,2.07992991820995e-11,2.52651262678357e-09
cg23370170,-1.71873757284642,0.463813663001631,0.207501819871771,0.256311843129861,2.29289391864164e-11,2.73821953542662e-09
cg01750221,-1.40616288641475,0.767646332389515,0.555746072367084,0.211900260022431,2.34076376295417e-11,2.77216433683693e-09
cg22788109,1.48478113595982,0.545520978464531,0.7707991354436,-0.225278156979069,2.71438517910861e-11,3.14303456126368e-09
cg13615516,1.37037307316041,0.331822000283952,0.561820963337675,-0.229998963053722,2.84007587635526e-11,3.25205796733499e-09
cg11597969,-1.26022157759958,0.498821951128566,0.293694729529911,0.205127221598655,2.92495438000681e-11,3.33585197131017e-09
cg12339802,-2.17176230842449,0.319644597965392,0.093150811228596,0.226493786736796,2.97339941686104e-11,3.36680938296224e-09
cg12206571,1.5184418953146,0.562263746733582,0.783328342061584,-0.221064595328003,3.02887424758619e-11,3.41284743854262e-09
cg21565415,-2.10583293150296,0.82222672080269,0.521019229131181,0.301207491671508,3.15816805481602e-11,3.51397805186007e-09
cg10482201,1.94738613429564,0.266584960056395,0.581667112150343,-0.315082152093949,3.30672839103409e-11,3.63862128961449e-09
cg17479131,1.76082434824152,0.251460451886478,0.530909359581955,-0.279448907695476,3.89671222163628e-11,4.13791653122136e-09
cg14799209,1.6445916600404,0.191533305429977,0.425505538196694,-0.233972232766717,4.68322799501136e-11,4.78167221463792e-09
cg11516613,1.53213022120911,0.632966288996221,0.833042146189436,-0.200075857193216,4.74365861389345e-11,4.82178946165169e-09
cg22229470,1.18723706642941,0.414863195550014,0.617448311064792,-0.202585115514778,5.90208748985583e-11,5.71410249612121e-09
cg08672695,1.42880073112944,0.424054488752107,0.664320298846986,-0.240265810094879,6.06152107501003e-11,5.80440264956124e-09
cg09548275,1.54595151263783,0.572455513960261,0.796655220340954,-0.224199706380693,7.42802992629606e-11,6.77179821769955e-09
cg15678121,1.27022601420277,0.44284754333814,0.656739926998218,-0.213892383660077,8.96477267403055e-11,7.77501440249305e-09
cg27105123,1.53136124139472,0.569952689230627,0.790998256723755,-0.221045567493128,1.11753306978749e-10,9.11676763541653e-09
cg07547765,1.56066325814611,0.529476940668282,0.767530360064062,-0.23805341939578,1.25462163882282e-10,9.97817912583439e-09
cg18879300,-1.42540337096531,0.599039241097929,0.35779727659994,0.241241964497988,1.4750929697824e-10,1.12755632049426e-08
cg08611810,1.70306263674955,0.631567104849397,0.847740747527333,-0.216173642677937,1.64639000023013e-10,1.22643688273185e-08
cg03584693,1.5295621017698,0.316663275851538,0.571405280699542,-0.254742004848004,2.05145981904953e-10,1.44690717033371e-08
cg13943141,-1.64416520556431,0.437085595220174,0.198537752996838,0.238547842223337,2.21112207994134e-10,1.53018234813805e-08
cg10776061,-5.66504370007417,0.79127849887629,0.0797826640779748,0.711495834798315,2.38532933668724e-10,1.62026230012214e-08
cg22721827,1.22176902408139,0.449046030684779,0.654315822235899,-0.20526979155112,2.51095988501456e-10,1.68875652153005e-08
cg16313807,-1.94797512807728,0.879858836091461,0.655567809795567,0.224291026295894,3.03984837594904e-10,1.94005947162975e-08
cg20058542,1.95735573140019,0.319734265805672,0.643696318370823,-0.323962052565151,3.06605221832595e-10,1.95118025004617e-08
cg22988346,1.39617882714504,0.576610762361511,0.781962416496186,-0.205351654134675,3.23023023413127e-10,2.02529575449259e-08
cg08444117,2.06795743723869,0.597141148217227,0.85747314152675,-0.260331993309523,3.5424405188386e-10,2.15871682291951e-08
cg20756026,3.29700806169103,0.167584496561931,0.630555011431257,-0.462970514869326,3.73452076551323e-10,2.23736575920623e-08
cg01748573,1.39735645802724,0.458400684504839,0.690156152450247,-0.231755467945408,4.20736565732074e-10,2.44443015020945e-08
cg11450715,1.44714797503482,0.511967632453797,0.740732276237155,-0.228764643783358,4.21012659352361e-10,2.44478878685428e-08
cg27152890,2.02728280840915,0.242160204934038,0.560435625004059,-0.318275420070021,4.62541686464993e-10,2.6231702763779e-08
cg13175786,1.71090529253585,0.639147677372347,0.853520378265818,-0.214372700893471,5.35942371657414e-10,2.94144155932554e-08
cg04908625,1.22611015532138,0.363799188892192,0.57186097734335,-0.208061788451158,5.49656778875719e-10,2.99652276850946e-08
cg24570042,1.21175286292889,0.364986781507876,0.57058109257987,-0.205594311071994,6.78424440502945e-10,3.50738669947778e-08
cg08388746,1.59904312387449,0.246464805277813,0.496035924415139,-0.249571119137326,6.86630567114938e-10,3.54338655739025e-08
cg03639917,-1.2554909038534,0.49296520598807,0.28933459300245,0.20363061298562,8.38728599784453e-10,4.12998954569997e-08
cg17478979,1.3494721188277,0.359615210762421,0.58763258217391,-0.228017371411489,1.13032776223506e-09,5.20172214181489e-08
cg05472587,1.38344211079325,0.275626359196985,0.497077133627436,-0.221450774430451,1.30139904473317e-09,5.8132204815232e-08
cg18737081,2.04592415957493,0.392089747156041,0.718120456883927,-0.326030709727886,1.36270460756015e-09,6.0381724652597e-08
cg05582310,1.45336863609469,0.515844065213337,0.744049746425289,-0.228205681211952,1.40493242404918e-09,6.19125707488258e-08
cg10018004,-1.64093401620945,0.490548329158753,0.23774028990213,0.252808039256623,1.57613713115555e-09,6.73493021858479e-08
cg10868293,1.74003575744837,0.518849798948665,0.781328526787575,-0.262478727838911,1.79511166599384e-09,7.45281744751603e-08
cg07464674,-1.22545390648159,0.684616231463759,0.482178292711161,0.202437938752598,2.38705129135263e-09,9.28742430780554e-08
cg22660904,1.19723139277654,0.443424295280526,0.645650689092964,-0.202226393812438,2.45807879975402e-09,9.49336169842013e-08
cg00739155,1.36897560452696,0.549298925748792,0.758710967661323,-0.209412041912531,2.56854710077543e-09,9.80052391265429e-08
cg21499459,1.49138153700361,0.179824642900041,0.379953034620004,-0.200128391719963,3.36261946423294e-09,1.20559580212775e-07
cg13697735,1.31691851658989,0.351078681391012,0.572970226629041,-0.221891545238029,3.43218048859065e-09,1.22437697955204e-07
cg02159489,4.74362879833873,0.21037403377666,0.848203935387023,-0.637829901610363,4.56750620687836e-09,1.52267458423576e-07
cg13946767,-2.04447956356781,0.686262359642691,0.353414826778887,0.332847532863803,4.59051072049852e-09,1.52635150627235e-07
cg02757970,1.3416572642161,0.475868382304225,0.694565636286706,-0.218697253982481,5.84556078560013e-09,1.82650552459212e-07
cg10590844,-1.23536896927594,0.606759768717446,0.396473428815485,0.210286339901961,7.78574882304977e-09,2.28205880691642e-07
cg17445765,1.37490147164506,0.563003900708729,0.769044523673259,-0.20604062296453,7.86943294376782e-09,2.29890647635971e-07
cg18505691,-1.47969781796657,0.771536625220564,0.549730156266634,0.22180646895393,7.89631889833529e-09,2.30322091487811e-07
cg14028622,1.36356291559734,0.45788145553894,0.68438918279791,-0.22650772725897,8.29923839374417e-09,2.3975862394565e-07
cg09191731,1.6119993200773,0.218824885030781,0.458690709712178,-0.239865824681397,8.33540322381816e-09,2.40581615319151e-07
cg24702091,-1.22970768375913,0.586161041860602,0.377933715483727,0.208227326376874,8.5848649340726e-09,2.46187245662839e-07
cg14952237,1.30648425263193,0.509285061632767,0.719432189390617,-0.21014712775785,9.00625189932192e-09,2.55318174649233e-07
cg04003990,-1.8667663652948,0.806679509108733,0.529840613335534,0.276838895773199,1.02925110830471e-08,2.82444731472415e-07
cg07730007,-1.53867226989148,0.739505246712744,0.496986726295894,0.242518520416849,1.06249652543612e-08,2.88886865237306e-07
cg02291164,1.33497409035459,0.357262226647367,0.582142734773896,-0.224880508126529,1.27349405198899e-08,3.31143296035659e-07
cg03252499,1.27512278762665,0.294933629306678,0.501925995587164,-0.206992366280486,1.47374732265446e-08,3.70378877598273e-07
cg21122075,-1.29423359884356,0.541247232826853,0.325044246746345,0.216202986080508,1.60393871740595e-08,3.96286834581269e-07
cg19273694,1.61868414411692,0.613209622956644,0.81903337099188,-0.205823748035236,1.82085173695015e-08,4.38573387319305e-07
cg26689077,-1.2289385769091,0.545730795740678,0.339133627864847,0.20659716787583,1.82961889564573e-08,4.40166743726811e-07
cg09522532,1.23103889363502,0.335756794321467,0.541710609510143,-0.205953815188676,2.10254514413041e-08,4.89369527750582e-07
cg00448707,1.52154823167799,0.598938262739723,0.80551335055719,-0.206575087817467,2.14791634572274e-08,4.97392006897435e-07
cg24643105,-3.9848683826512,0.872788306391339,0.385233866136988,0.487554440254351,2.17155234217196e-08,5.01236999635757e-07
cg05533615,-1.26452164814045,0.617396549319895,0.403484524088839,0.213912025231056,2.2974785297695e-08,5.23908259085727e-07
cg18598029,-2.51377861880614,0.374792728974972,0.0994586967755467,0.275334032199425,2.3219796263913e-08,5.28260786815629e-07
cg18264486,1.81700566199887,0.239614650998303,0.5216289710121,-0.282014320013798,2.86488951548373e-08,6.20583040290315e-07
cg18026055,1.98466407945303,0.677639983165545,0.885137118987637,-0.207497135822091,2.94024957817861e-08,6.33534071211248e-07
cg09813060,1.19701189605381,0.359819389824578,0.56187373396047,-0.202054344135893,3.36660252747406e-08,7.06317669340253e-07
cg24669602,1.30541506222438,0.380141817596079,0.599643469540553,-0.219501651944474,3.54624954619743e-08,7.35488411253226e-07
cg24173182,1.28864115720817,0.389642772226764,0.607982814182609,-0.218340041955845,3.56906285091699e-08,7.39140148940223e-07
cg04646842,1.33475910180316,0.48927878196151,0.702510557136319,-0.213231775174808,3.65608476433894e-08,7.52108865806867e-07
cg02534744,-1.34521890115993,0.487980841762026,0.273697377458891,0.214283464303135,3.74510561521473e-08,7.66687857124411e-07
cg00675157,-3.20869258867357,0.833990368862285,0.405706810336627,0.428283558525658,4.34540385464123e-08,8.63538279864303e-07
cg05500240,1.70349374945237,0.618819016844884,0.840839850418545,-0.222020833573661,4.71691511454804e-08,9.20682414827957e-07
cg16751357,1.29426207228644,0.264425275679954,0.468301737965954,-0.203876462286001,5.31408838858757e-08,1.00926087017758e-06
cg21165045,1.44236472221849,0.567406041691525,0.780565799017359,-0.213159757325834,5.98127775233146e-08,1.10344995971837e-06
cg14733031,-1.58245906063904,0.829978031923347,0.623745663058953,0.206232368864394,5.99334674447192e-08,1.10506902744032e-06
cg09584650,2.01272091494821,0.246363902381044,0.561466532341127,-0.315102629960083,6.11681826918291e-08,1.12336697256646e-06
cg10671668,1.75982718153619,0.136770618836806,0.346220200798835,-0.209449581962029,6.2226125033243e-08,1.13730210060758e-06
cg22633036,-1.70756184075667,0.56674784931221,0.292422875122065,0.274324974190145,6.56332460262791e-08,1.18551479930394e-06
cg22524061,-1.43963811635576,0.489353169503826,0.26338380339527,0.225969366108556,6.73846871829908e-08,1.20891754032495e-06
cg10761639,1.83793954680183,0.643798604268197,0.867737272315033,-0.223938668046836,7.22749191514327e-08,1.27558186000969e-06
cg00048759,1.33079991538842,0.274152763699729,0.485900995393651,-0.211748231693922,7.74458379086833e-08,1.3419238714387e-06
cg21570209,-1.53237511505329,0.568233974744252,0.322244876156454,0.245989098587798,8.03558809437566e-08,1.38018486594481e-06
cg05126514,-1.4968967844775,0.710810168808345,0.468137001470335,0.24267316733801,8.25618024023579e-08,1.41063796859687e-06
cg20273576,2.97703335174156,0.659655315595131,0.898492527067692,-0.238837211472561,9.3043964767939e-08,1.55002601429359e-06
cg25753631,1.54161613391807,0.562189535156379,0.78296698943266,-0.220777454276281,9.74495617850954e-08,1.60605890498072e-06
cg05088433,-1.25335657246667,0.493481503402187,0.290820837688084,0.202660665714103,1.02902506516064e-07,1.67391599816633e-06
cg07687131,-1.31773429057122,0.480600731680767,0.272392761763432,0.208207969917336,1.14218460226076e-07,1.81679036985544e-06
cg07533100,-1.26926088453882,0.722649734624226,0.520294815297852,0.202354919326374,1.38285999532306e-07,2.10958288853136e-06
cg21341645,-1.36062153993015,0.738093311164207,0.523134794713194,0.214958516451013,1.47398656836474e-07,2.21921082704768e-06
cg17541002,1.3374468097708,0.320798205839897,0.541979783190684,-0.221181577350787,1.65233418744977e-07,2.43375189733013e-06
cg13469396,1.4546880274754,0.559480566731106,0.768228892563581,-0.208748325832475,1.7221307408276e-07,2.50997529367292e-06
cg05004142,1.96651027796066,0.593488892633046,0.839614263782496,-0.24612537114945,1.81972403266921e-07,2.61849114187148e-06
cg23026554,1.61387050214793,0.211118341359349,0.446183258417204,-0.235064917057854,1.99283120229386e-07,2.81354806832397e-06
cg07576186,-2.45601990711389,0.856433158063065,0.529270733690491,0.327162424372574,2.08688121378021e-07,2.9235306309938e-06
cg25264268,1.35366269574519,0.538573109034246,0.746505581072349,-0.207932472038103,2.43852999160246e-07,3.3006108293648e-06
cg23669081,1.75028082417276,0.58677349200325,0.82004093178578,-0.23326743978253,2.54484855234713e-07,3.41668719040267e-06
cg02305723,1.21682338384197,0.414716331008497,0.619817188194133,-0.205100857185637,2.85751908839519e-07,3.74548140435921e-06
cg21484985,2.64130045883187,0.6714991338989,0.925676252077853,-0.254177118178953,2.87013620027985e-07,3.76029056139594e-06
cg13176198,2.02447318399461,0.699277619471888,0.90649803944451,-0.207220419972623,3.28845809566529e-07,4.18854220342232e-06
cg27119456,1.54392318484403,0.220271024235414,0.447148867817771,-0.226877843582357,3.8235089884037e-07,4.72288046257408e-06
cg08865458,1.4774588624482,0.225119757982774,0.443198451541555,-0.218078693558781,4.31103821918428e-07,5.19675813150331e-06
cg10833066,-1.91831730352556,0.682645136312216,0.374703225396555,0.307941910915661,4.33817850401002e-07,5.219544066097e-06
cg09527118,1.52234621317489,0.533995355909267,0.765463213474098,-0.231467857564831,4.67185820053985e-07,5.54093265448387e-06
cg08212685,1.36778541619848,0.237990388429656,0.446941814672787,-0.208951426243131,4.7382310477349e-07,5.60915273543772e-06
cg27651238,1.22055537939689,0.349118154535227,0.553887356351178,-0.204769201815951,4.92809531014143e-07,5.77220308032259e-06
cg07157834,1.35161620460449,0.567404666280181,0.767847530883484,-0.200442864603303,4.98919534942449e-07,5.82820599417356e-06
cg23252259,1.41876323096597,0.537441384770635,0.7563420218763,-0.218900637105665,6.18634828825777e-07,6.91706519195316e-06
cg21251970,1.26984470116318,0.428926885554174,0.642428915018597,-0.213502029464423,6.60737105922631e-07,7.28957334690856e-06
cg06917450,-2.54746607910129,0.638219130162773,0.239975442966095,0.398243687196678,7.32032515882197e-07,7.9064259904386e-06
cg17240976,-1.7555267239605,0.823554084624646,0.567889189099556,0.25566489552509,7.46076279268539e-07,8.02646047523991e-06
cg06460587,1.81111551739601,0.251257973600366,0.533476868685082,-0.282218895084716,8.26457034693032e-07,8.71286484495016e-06
cg20001070,-1.26076529283918,0.652877078857047,0.441841826373185,0.211035252483862,8.28750540848048e-07,8.73213949279609e-06
cg08895590,-1.36083767216301,0.723400040479996,0.507495380330117,0.21590466014988,8.38376682465663e-07,8.81470765772439e-06
cg05625103,2.34146207258471,0.589250874110434,0.878432036813029,-0.289181162702595,9.32043824076485e-07,9.59712297293923e-06
cg10104252,-1.5856307084457,0.470598875209915,0.241439720701481,0.229159154508434,9.93384919880593e-07,1.01064730903249e-05
cg17178900,1.71095286676568,0.336888175524491,0.616751995540031,-0.27986382001554,1.01020298463198e-06,1.02355748037765e-05
cg19876987,-2.0920063828707,0.669877753928962,0.334440350570498,0.335437403358464,1.10276446764711e-06,1.09927525571382e-05
cg01584086,-3.79146334271559,0.556212754448743,0.0819081705509487,0.474304583897795,1.25819344927305e-06,1.22529627275803e-05
cg18825221,-1.35038607009574,0.547046102901671,0.323844584904416,0.223201517997255,1.31028134321389e-06,1.26507177073702e-05
cg07167872,1.62604624664379,0.327549202569413,0.594869899660112,-0.267320697090699,1.317382536846e-06,1.27048326361902e-05
cg07524214,1.62225447582118,0.64440331624595,0.849278103050171,-0.204874786804221,1.44052483407671e-06,1.36543364591739e-05
cg12193833,1.23191711425388,0.34026550526166,0.545795124001997,-0.205529618740337,1.58707043273703e-06,1.47756905071667e-05
cg11166453,1.48015794526453,0.551298893398692,0.767159016780492,-0.215860123381799,1.87580521906243e-06,1.69152548034906e-05
cg03860256,1.28586966615986,0.279767975012954,0.484342973338138,-0.204574998325184,1.96533882467024e-06,1.7571571203825e-05
cg12771717,-1.90810219744306,0.347678908652845,0.132424602774246,0.215254305878599,2.02619915365275e-06,1.80238640570774e-05
cg00791851,1.30374795345707,0.458305173945344,0.672892732132335,-0.214587558186991,2.16063134237209e-06,1.89725657017903e-05
cg16942632,1.33532251938056,0.327580769793652,0.548451379292591,-0.220870609498939,2.17376793638281e-06,1.90644329136102e-05
rs11034952,-4.47598969949254,0.767492586577704,0.206137570780081,0.561355015797623,2.25702756572661e-06,1.96540795461547e-05
cg10828284,1.2754300356095,0.473016031258726,0.682955128372995,-0.209939097114269,2.25974937210162e-06,1.96687702350184e-05
cg00246693,-1.22643068571891,0.543432841104249,0.339971179647844,0.203461661456405,2.50022683542432e-06,2.13901536340994e-05
cg13655986,-2.68073304580824,0.833342494548894,0.472070400690412,0.361272093858482,2.57268076309142e-06,2.19060098304502e-05
rs6546473,-5.75428413035419,0.714187300016444,0.0555155619765963,0.658671738039848,2.65698382268901e-06,2.24795023004478e-05
cg10821226,1.32376393285469,0.48144662261574,0.698508545377548,-0.217061922761808,2.69706447479824e-06,2.27578284419791e-05
cg18890544,2.33868441968662,0.726767345806319,0.934256653145107,-0.207489307338788,2.77040348780302e-06,2.32453262084475e-05
cg13012494,-2.22711594276404,0.274297990334295,0.0711683040229896,0.203129686311306,2.88647660793855e-06,2.40184506188659e-05
cg22494932,2.27470841825414,0.6630766507843,0.888478226347374,-0.225401575563075,2.94530693940265e-06,2.44224491656967e-05
cg11016411,-1.34129244160973,0.678510098913581,0.457552560754871,0.22095753815871,3.45646472655764e-06,2.78627996278235e-05
cg19518539,-3.00646547833384,0.577586940257433,0.144907479008757,0.432679461248677,3.61848109579779e-06,2.89458183358032e-05
cg01427815,-1.50774361120411,0.575129174037376,0.328589899609823,0.246539274427553,3.89038415711747e-06,3.07094775990402e-05
rs2235751,-4.05286735990977,0.777569343745465,0.251835018394763,0.525734325350702,4.04792412606937e-06,3.1740845542033e-05
cg11965913,1.36076549047875,0.265205834863304,0.477934313438475,-0.212728478575171,4.23061330325929e-06,3.28696086933794e-05
cg08242232,2.9047539274837,0.619610759309669,0.910625022855788,-0.29101426354612,4.4024533028002e-06,3.39342385967665e-05
cg21237687,1.43996925850365,0.257031675920091,0.478727136081271,-0.22169546016118,5.03585843525616e-06,3.78545730835813e-05
cg18805164,-2.54175579207879,0.783971117634273,0.407405466793945,0.376565650840328,5.23178087379135e-06,3.90442445422167e-05
cg02197629,2.30170009987308,0.248996499508172,0.605374343334156,-0.356377843825984,5.50005659279509e-06,4.06658317209137e-05
cg13968390,1.52124844882236,0.603842318082746,0.815798409779361,-0.211956091696616,5.5531843225512e-06,4.09922048943896e-05
cg17554194,-1.7720912113625,0.332550070363674,0.132390087109805,0.200159983253869,5.74642705697068e-06,4.21513064698606e-05
cg09359103,1.53476410350627,0.447288313673141,0.692893283919504,-0.245604970246362,6.0812806679526e-06,4.41391139577839e-05
cg14168305,-1.56994778941999,0.409591666685592,0.203990583804344,0.205601082881248,6.21399317534761e-06,4.49279506569066e-05
cg06589596,-1.65477885439451,0.865824542160137,0.645259571401634,0.220564970758503,6.2240593330625e-06,4.49893217655668e-05
cg07285237,1.59243395973656,0.37638260358562,0.642309661611714,-0.265927058026094,6.26508290710778e-06,4.52227959107486e-05
cg20435535,1.60678975244563,0.407167631815054,0.670223430034179,-0.263055798219125,6.7403748036204e-06,4.80333832543926e-05
cg25174111,-3.13446988091947,0.772119188616458,0.304611564042523,0.467507624573936,6.88140484913533e-06,4.88461106761802e-05
cg14159672,1.52138667766724,0.386472688595896,0.638499144471489,-0.252026455875593,6.95541813703061e-06,4.92549846440278e-05
cg04850148,-1.77897188775303,0.658372562878851,0.365554718322701,0.29281784455615,7.04493584537618e-06,4.97776372773349e-05
cg19384241,-1.85275051923349,0.851802044058231,0.628295114826216,0.223506929232015,7.08995410980973e-06,5.00368246482413e-05
cg27597505,1.54852329325026,0.636018000041018,0.838006402387651,-0.201988402346633,7.26646440121279e-06,5.10707913988733e-05
cg06739303,1.24131810768581,0.321133727876511,0.5249753663628,-0.20384163848629,7.33014825415198e-06,5.14482408472641e-05
cg17221813,1.78332013194573,0.388568842287081,0.68145188860357,-0.292883046316488,7.39332545565802e-06,5.18090558990268e-05
cg18576957,1.26332767317869,0.296312962959521,0.499516653148482,-0.203203690188961,8.41474204184547e-06,5.75281441307033e-05
cg14351440,-2.60106988826308,0.758741072511769,0.371248577459823,0.387492495051946,8.73467240270321e-06,5.9366622060995e-05
cg25800500,1.31702497973064,0.281021474847042,0.490205535540008,-0.209184060692966,8.84498623223426e-06,6.0009101119206e-05
cg26749518,1.46300475590917,0.434244534868013,0.66947493604603,-0.235230401178017,8.88950059676006e-06,6.0250179120419e-05
cg10409680,-2.59208355757168,0.418609115126904,0.103519318230497,0.315089796896407,9.22734615097744e-06,6.21631740697427e-05
cg10900271,-1.88864933840907,0.81779078439119,0.531005903794639,0.286784880596551,9.5493618702166e-06,6.3969096563043e-05
cg01777861,1.300200048929,0.355240241032875,0.572732015965055,-0.21749177493218,9.9921662330346e-06,6.63548729821167e-05
cg06221963,1.50288196184348,0.500738048387594,0.730590771409022,-0.229852723021428,1.00123408259604e-05,6.64509028288231e-05
cg24608381,-1.7364355287248,0.498822793632662,0.236445547965864,0.262377245666798,1.0804864463549e-05,7.06538147089522e-05
cg06352616,3.63778961972252,0.213449583830095,0.718048967032869,-0.504599383202773,1.0940195048524e-05,7.14077356432247e-05
cg03407747,1.46275399216331,0.325485306223174,0.566086176581821,-0.240600870358648,1.19301705711827e-05,7.67685029839382e-05
cg06558952,2.7528693901611,0.273052617499752,0.694417701481353,-0.421365083981601,1.24493818387984e-05,7.94753484439566e-05
cg02938172,-1.76826411388832,0.758970406632052,0.483103000384359,0.275867406247693,1.25109981607354e-05,7.98061590824738e-05
cg10130564,1.65176491906615,0.616279190843103,0.83508286837473,-0.218803677531627,1.34542491164464e-05,8.47236598328351e-05
cg02313495,-1.55819315053764,0.499355846128201,0.272284726830252,0.227071119297948,1.35122892833236e-05,8.50187337627984e-05
cg10672567,1.79160732050784,0.595893665456742,0.835351942903572,-0.23945827744683,1.39544137244782e-05,8.73140383194868e-05
cg08084154,2.16815844916387,0.652873792522473,0.891061207609931,-0.238187415087458,1.44540949509894e-05,8.98147881099725e-05
cg19851563,1.50159091856747,0.527685978111769,0.75535588194321,-0.227669903831442,1.58973272090413e-05,9.71007929949488e-05
cg06202802,-1.48862743329454,0.840080092365013,0.640066183852483,0.200013908512529,1.61942173893422e-05,9.85916887214912e-05
cg24875017,1.46916292115282,0.232915460478935,0.450611639144197,-0.217696178665263,1.77786851176777e-05,0.000106293838216583
cg24503407,1.21040577974287,0.389780102471481,0.593070578329085,-0.203290475857604,1.89397079564658e-05,0.00011203505254248
cg09737314,1.19288365320546,0.360713019705147,0.560773898528977,-0.200060878823831,1.96120571941244e-05,0.000115324356735009
cg01091514,-1.39523377598572,0.476064872789059,0.255966185160498,0.22009868762856,2.03773806371073e-05,0.000119014672346024
cg01098871,2.38523567976128,0.215031937046684,0.564259380770825,-0.349227443724141,2.13743175454881e-05,0.000123854189992268
cg16199850,1.33763117500696,0.388468439419348,0.613346536477006,-0.224878097057657,2.14645659294711e-05,0.000124264051005711
cg24593918,-1.84158576180351,0.445391038082713,0.184268399111284,0.261122638971429,2.38226871026048e-05,0.000135555047581593
cg27581592,-1.66817136720298,0.374468488017754,0.155146251325925,0.219322236691829,2.4516712217678e-05,0.000138825380815339
cg02389040,1.51927934955829,0.440937485156106,0.688921597655331,-0.247984112499225,2.52797073603514e-05,0.000142430962326337
cg23365293,1.79657437381301,0.590011574405,0.83165858784267,-0.24164701343767,2.68221318900511e-05,0.000149562924646583
cg12099423,1.28918015191281,0.316463941556355,0.527170048071932,-0.210706106515577,2.89363407767782e-05,0.000159395855530815
cg10832239,-1.99588860862747,0.830376222182395,0.527270457706825,0.303105764475569,3.05805651490054e-05,0.000166665979839136
cg21951975,-1.6008303982938,0.359779886677997,0.157828680077628,0.201951206600369,3.07996040724303e-05,0.000167659455169325
cg08624648,1.42496510420791,0.235046801765036,0.446015366627865,-0.210968564862829,3.334649729974e-05,0.000179114822763455
cg02304584,1.52669774879763,0.432185123252579,0.679857728728581,-0.247672605476002,3.35646194376663e-05,0.000180097751946693
cg08967584,1.30322803698749,0.4741606848188,0.689812614830644,-0.215651930011844,3.48645029568014e-05,0.000185804992206415
cg26354017,1.63289551248343,0.306011909209712,0.568560820272877,-0.262548911063165,3.72569209166138e-05,0.000196144454447582
cg10604476,1.42723095856945,0.389147753012459,0.624270636502557,-0.235122883490098,3.90544835323416e-05,0.000203922980399986
cg21575308,-2.50755947396893,0.525450247039694,0.205289984927902,0.320160262111792,3.92121193464267e-05,0.000204616083765913
cg19778375,2.5299891434646,0.742975186850521,0.948855214394443,-0.205880027543922,4.00692953136231e-05,0.000208325264037568
cg20744163,1.81518108687566,0.484561474976252,0.736165349943907,-0.251603874967656,4.0328201820733e-05,0.000209423129098031
cg13143330,-1.623031685354,0.354197112970971,0.149148839679123,0.205048273291849,4.1038423043607e-05,0.000212492058080327
cg07327178,1.42594313112205,0.338094333618509,0.573932645281681,-0.235838311663172,4.27675800195252e-05,0.000219809090572128
cg17469479,1.39056613448898,0.577427733402401,0.782054455263441,-0.20462672186104,4.41918744451712e-05,0.00022576576315727
cg04497820,2.76420237737746,0.278314777018198,0.690972396296754,-0.412657619278556,4.46728059525783e-05,0.000227753427504678
cg04143909,1.81343012166101,0.587342366794627,0.815383517338753,-0.228041150544127,4.58211246354945e-05,0.00023265556985947
cg25542007,-1.75867219606931,0.574913685271635,0.323047947640092,0.251865737631543,4.67213434366746e-05,0.000236432345754354
cg11861562,1.38726866473443,0.526491780001691,0.743892691297638,-0.217400911295947,5.10063870351946e-05,0.000254136148038002
cg09973514,1.95722595708987,0.22714289941206,0.514764537766087,-0.287621638354027,5.13491039171044e-05,0.000255497692227125
cg16763089,1.32451552245688,0.291641908580522,0.502537017430067,-0.210895108849544,5.23991512435634e-05,0.000259838184313489
cg14168080,-1.55368383348739,0.853004275397952,0.646070523517521,0.206933751880431,5.61870425438256e-05,0.000275530800534816
cg05896524,-1.95764439497899,0.406655857144935,0.148993633841651,0.257662223303283,6.04855303803682e-05,0.000292959651618532
cg24668570,2.12152815365393,0.149282928877143,0.45880658995738,-0.309523661080237,6.13689927100069e-05,0.000296442646361324
rs6982811,1.81321309312001,0.157819143503069,0.432634182317678,-0.274815038814609,6.40385035814585e-05,0.000307023005568277
cg17524265,-1.54616716233248,0.607069497494364,0.357232523034164,0.2498369744602,6.40415980352461e-05,0.00030702493474815
cg12576145,2.53509637114461,0.252490418898235,0.633814590385283,-0.381324171487048,6.52910527946343e-05,0.000311952827361645
cg26055054,1.68127852649561,0.31853284518907,0.590237966945038,-0.271705121755968,6.61409329974677e-05,0.000315189769377163
cg25052176,2.08040093888591,0.268922032087815,0.590396407690042,-0.321474375602227,6.75563979810481e-05,0.000320814127121193
cg10578777,2.24656329845532,0.656970492972076,0.904465817227257,-0.247495324255181,8.55207204409007e-05,0.000390983208724599
cg10701801,2.43314307244814,0.203156456848874,0.557219631470133,-0.354063174621259,8.73541002527427e-05,0.000397961189806854
cg14609402,-1.79865101263416,0.859084173809361,0.595571329471674,0.263512844337687,9.16610285091262e-05,0.000413758350901516
cg12556569,-3.24034827832798,0.522525390633404,0.102509544007289,0.420015846626115,0.000102816843054752,0.000454833222788423
cg19142181,1.55665295284983,0.322915031379771,0.577588912779712,-0.254673881399941,0.000114371972809795,0.00049708070405135
cg19945931,1.25452478589547,0.450671299766089,0.65947596805934,-0.208804668293251,0.0001187182738699,0.000512397127547468
cg08477332,-2.653270515691,0.748889735303233,0.36558372634607,0.383306008957163,0.000123215738672773,0.000528210365514675
cg20816612,1.99296581327795,0.339718713419805,0.659194460693691,-0.319475747273887,0.000124358900332881,0.00053201109813438
cg16781264,-2.56905672299309,0.4930309656096,0.141371486452607,0.351659479156993,0.000126995673113318,0.000541413431478022
cg25543264,-2.4137043988884,0.772733308069102,0.440857265012829,0.331876043056273,0.000127122515038816,0.00054187078282305
cg10180404,1.55361143015965,0.369925710405676,0.624621881476613,-0.254696171070937,0.000130409758467608,0.00055312477718449
cg13207630,1.34692852450067,0.395050241442759,0.620263075518783,-0.225212834076024,0.00013957586814452,0.000585168864101246
cg09351263,-2.93071972770574,0.449715938735202,0.0895763289011803,0.360139609834022,0.000159175828406287,0.000654316100926607
cg08790676,1.4920176893539,0.20716851754828,0.426328288203276,-0.219159770654996,0.00016073555388122,0.000659764925285058
cg05857996,1.67810929159775,0.533844769343991,0.770288893976619,-0.236444124632628,0.000169198769098149,0.000688482275513974
cg12906381,1.59612486627459,0.473347574869352,0.721477157941719,-0.248129583072367,0.00021238302472734,0.000833425978188888
cg07319199,3.57736578566497,0.371339687664985,0.861896533875325,-0.490556846210341,0.000212490721932852,0.000833819909682009
cg14856563,-1.70553976348188,0.779639202776906,0.509555532660542,0.270083670116364,0.000215512250423522,0.000843789389828068
cg01397495,-1.60229772196377,0.746948564018578,0.506573152700375,0.240375411318203,0.000232076689869606,0.000897277182393684
cg18644286,1.98631812097841,0.709167551234365,0.911516619324337,-0.202349068089972,0.000235428115402792,0.000908292256845703
cg10157098,-1.32945885550467,0.613934290512034,0.391671076460978,0.222263214051056,0.000238072558985661,0.000917008315282402
cg07044115,-1.58339313173614,0.761887505703164,0.528871634794337,0.233015870908827,0.000238323733310187,0.000917852075746242
cg07796016,-1.81372185814428,0.776000547548584,0.514030033996364,0.26197051355222,0.000251584973109737,0.000960780974190307
cg15177604,-3.1118221872459,0.522095869418358,0.113037332772012,0.409058536646346,0.000254444991066649,0.000969852021696107
cg09829645,-3.27451385912212,0.592828533328095,0.134765596646666,0.458062936681429,0.000255149823616188,0.000972051278854187
cg06052372,-2.80827425374907,0.692393189422293,0.303937793583054,0.388455395839239,0.000265787842758712,0.00100589254657194
cg02627240,-2.08035378276832,0.765820423839814,0.466504929766978,0.299315494072836,0.000267096841614835,0.00101024311320561
cg05393297,1.28532879445766,0.350512175216873,0.562298671594278,-0.211786496377404,0.000296621432015458,0.00110264279916881
rs2125573,3.69849854405977,0.363866715750177,0.815133486123032,-0.451266770372855,0.000336110691532757,0.00122335967791945
cg05554000,1.72713960566744,0.529249047192181,0.785157355420428,-0.255908308228247,0.000336702871767243,0.00122528044413882
cg12560447,-1.24762670361229,0.623990703268262,0.41578948006203,0.208201223206233,0.000338973698582753,0.00123232515303834
cg16814680,2.78252094980542,0.279282427201798,0.701953366232014,-0.422670939030216,0.00034251745180621,0.0012431477052985
cg03120147,1.59275229702116,0.603946574141433,0.821335668660924,-0.217389094519491,0.000369284770549855,0.00132375340523035
cg05792312,-1.71943473463755,0.757000112667129,0.503181399793281,0.253818712873847,0.000371716001963475,0.00133107684988321
cg00740510,2.74926313023855,0.296278673394083,0.707836631144335,-0.411557957750252,0.000377612251476501,0.00134871823796286
cg21598190,-1.61798812745312,0.89222933972262,0.67528556639405,0.21694377332857,0.000378858461393147,0.00135270333119296
cg07674520,1.32186022724731,0.372239400583573,0.591262552214542,-0.219023151630969,0.000409162850436714,0.00144292531745845
cg11818589,-3.06852318472782,0.595010563143834,0.205975407658269,0.389035155485564,0.000442827350876614,0.00154243691333735
cg01384686,2.26670042915154,0.22710017604914,0.549151419451883,-0.322051243402743,0.00045178577839171,0.00156936112493962
cg22157099,1.21615975341256,0.423967481420321,0.626593381503051,-0.20262590008273,0.000470742085880866,0.00162516099320542
cg12466610,-3.63978419957799,0.752991556809221,0.276691339691775,0.476300217117446,0.000532880058857748,0.00180316594328888
cg26422465,-3.45977390629071,0.506455569813615,0.0833967986938471,0.423058771119768,0.000573983483687792,0.00191958443339468
cg14655569,3.44286980340051,0.323933908637727,0.794455541205135,-0.470521632567408,0.000580379106928842,0.00193818852704227
cg25545878,-1.66307258440498,0.401380569262001,0.175537603414029,0.225842965847972,0.000592731090828281,0.0019721044240266
cg09976142,1.46982894966246,0.455296287839591,0.693850160734973,-0.238553872895383,0.000600362567824252,0.00199278646454263
cg27639199,-3.26413765279897,0.603849056420792,0.147110108930184,0.456738947490608,0.000602393450999561,0.00199871318475542
cg00045070,-3.5031355533204,0.644037752508673,0.150563703468839,0.493474049039834,0.000608717758291262,0.0020168804769647
cg04575501,2.41415369917404,0.311882707149787,0.678552822016765,-0.366670114866978,0.000609341327839084,0.00201882926407901
cg03035653,1.3873109721952,0.387084196998345,0.616313806401518,-0.229229609403173,0.000622867830524176,0.00205593975270957
cg15448220,1.82745267620646,0.659588290700618,0.871135312391406,-0.211547021690787,0.0006251818105941,0.00206244352592161
cg24690094,1.25298577408545,0.337900738157536,0.541625231173239,-0.203724493015703,0.000671158406628149,0.002189606784116
cg12051762,1.30613876997588,0.544107621678855,0.748514671189924,-0.20440704951107,0.00067967584620992,0.0022120862009519
rs1520670,-3.23384652714143,0.807068210644495,0.385221912794486,0.421846297850008,0.000687893284267123,0.00223467528877749
cg03188948,1.43989926963597,0.206415403960311,0.412261882605368,-0.205846478645057,0.000688387704633944,0.00223602976098921
cg05401945,-1.59016200739085,0.599544082293912,0.35688140047822,0.242662681815691,0.000702258578309142,0.00227383205118817
cg18110333,2.3504592860551,0.266604973496317,0.612954438395548,-0.346349464899231,0.000702991755247315,0.00227562453742183
rs7746156,-3.29572563150073,0.767452102405255,0.373956038331988,0.393496064073267,0.000729952550082254,0.00234909643138297
cg08010094,-1.25969510625786,0.600617969860288,0.392769465701881,0.207848504158406,0.000743546049087916,0.0023858408070894
cg23875045,2.45844003154985,0.245906465979907,0.598052329466728,-0.352145863486821,0.000764707199667935,0.0024444482280853
cg00167275,1.78668384760241,0.17682492323188,0.397454796984,-0.220629873752119,0.000778231343793779,0.00248018019049329
cg23649088,1.7611585587375,0.527271219023617,0.774865879582225,-0.247594660558608,0.000869454015347611,0.00272214268378852
cg11458555,1.99780265814636,0.301346281027217,0.608147106388221,-0.306800825361004,0.000908451518198971,0.00282192644029636
cg13962846,2.55752463050634,0.379664793155647,0.767134692091313,-0.387469898935666,0.000917101599380093,0.00284414964530526
cg16331745,2.68929791074605,0.400106492675936,0.796539192329729,-0.396432699653794,0.000936001714802329,0.00289316539474147
cg03938978,1.41095163866443,0.413434734034979,0.645743419660131,-0.232308685625152,0.00101280524152478,0.00309060877041307
cg07021052,-1.37209156807702,0.485794443521567,0.267352277261301,0.218442166260266,0.00106874451576327,0.00323387160760758
cg20653018,1.62172564368938,0.289518626827486,0.538655135785804,-0.249136508958318,0.00107789489370948,0.00325750587836608
cg02940070,-1.80867683040298,0.82034512080548,0.598107652286939,0.222237468518541,0.00109103330413004,0.00329014956158076
cg13907973,-1.68815423241749,0.334309192633652,0.128498555584653,0.205810637048999,0.00109835243020382,0.00330864918300859
cg11438287,-2.10515264441192,0.683958171531298,0.396875463539264,0.287082707992034,0.00110899501516611,0.00333567169052575
cg01124132,1.36648290411355,0.527331613176763,0.738259186361766,-0.210927573185003,0.00111143942359558,0.00334155476385114
cg16101574,-1.93552289524464,0.608359140747864,0.298942251122445,0.309416889625419,0.00114163469138857,0.00341672535973664
cg07700233,-1.41133549558194,0.509971458654834,0.281812034250091,0.228159424404743,0.0011569561584188,0.00345505462045948
cg21537947,2.18259487979545,0.209568229416272,0.502721943798359,-0.293153714382087,0.00118033653310587,0.00351264308450952
cg15840554,3.26743198885747,0.503748227958644,0.904440009123039,-0.400691781164395,0.00121958764433312,0.00360883015050864
cg12251508,1.92727164995636,0.245931853384804,0.522784743306976,-0.276852889922172,0.00122176615976568,0.00361424498713347
cg07973162,1.47757723882506,0.479555590167997,0.718991974136352,-0.239436383968355,0.00123286772415212,0.00364236194606898
cg03640465,-1.80717198850063,0.827123835972317,0.564868625768067,0.26225521020425,0.00124029219445162,0.00366107213792007
cg03672021,1.60750406706294,0.283569930730988,0.528034740856209,-0.24446481012522,0.00131462054042053,0.00384562126035459
rs4331560,-2.8933709725973,0.353866195864641,0.0573827603159386,0.296483435548702,0.00136030750998242,0.00395584555302349
cg07584620,-2.15445522217171,0.862877652738477,0.591865729244496,0.271011923493981,0.00137508057894614,0.00399188489201367
cg23400446,-1.48949138134399,0.481869343246699,0.270076100052851,0.211793243193848,0.00138043913789966,0.00400479046599462
cg01097406,1.70373537304073,0.366697841224075,0.62633328147815,-0.259635440254075,0.00138701795073175,0.00402131894259995
cg17283620,-2.5224774324245,0.400861617974292,0.0941059435304356,0.306755674443857,0.00140638739627062,0.00406837462954654
cg16227684,1.94946992682283,0.273512046253515,0.562502247722833,-0.288990201469318,0.00143087236184871,0.00412601782822487
cg17644776,1.48363589919079,0.376310038824112,0.619733244395934,-0.243423205571821,0.00145675987292654,0.00418977473328901
cg02975187,1.79999501902741,0.694542757014062,0.89633282646032,-0.201790069446258,0.00147216607431598,0.00422788065178256
cg06908232,1.6388700404905,0.304415366759994,0.559137035970367,-0.254721669210373,0.00147561111390557,0.00423624743200499
rs1945975,3.88343348243769,0.348935222350463,0.81538837028775,-0.466453147937287,0.00148106296492556,0.00424872394163976
cg09232555,-1.49634285603248,0.611433475706413,0.370181826692054,0.241251649014358,0.00150455062582854,0.00430548978206688
cg16140565,-2.17101859356556,0.775733531166539,0.486114611524207,0.289618919642333,0.00152510803163671,0.00435350338628145
cg27423959,-1.47392420883367,0.545868753445655,0.333573700790658,0.212295052654998,0.00152725909526465,0.00435844373177718
cg27124847,2.42352063710057,0.26695273436922,0.615612683077853,-0.348659948708633,0.00160510738453853,0.00454083660742794
cg15043283,2.03626905880201,0.241189668043926,0.528866052283748,-0.287676384239822,0.00162286095044965,0.00458397975040952
cg15775217,-2.11424199799736,0.82094828521132,0.527710110164524,0.293238175046796,0.00173938588908479,0.00485923676950671
cg04082016,-1.35682351877391,0.589174220906378,0.364235427975479,0.224938792930899,0.0017551131903589,0.00489681603674565
cg06813297,-2.25101777914256,0.815419556841538,0.531410060542637,0.284009496298901,0.00182512576285822,0.00506144542255207
rs715359,2.31994939381631,0.542862586934609,0.795329648236947,-0.252467061302338,0.00187179570412502,0.00517062821450491
cg12171675,2.1292915208793,0.571319906525264,0.85877052437612,-0.287450617850856,0.00193023065716966,0.00530672675527048
cg23464743,-1.55474900622563,0.413061835570691,0.199075245144882,0.213986590425809,0.00194645764379437,0.00534463949342627
cg16590012,1.67909246778762,0.548754831484285,0.801974400414784,-0.253219568930498,0.00198180547517654,0.00542419906484279
cg07952421,1.45620845730201,0.522462373254128,0.752593298831145,-0.230130925577017,0.00200931048503303,0.00548683927204711
cg08002427,-2.04902358136665,0.745877872147142,0.461273235311697,0.284604636835446,0.00214112477822876,0.00578391242586119
cg17227030,1.63476910321658,0.402556971761071,0.666869264837485,-0.264312293076414,0.00214858396314322,0.00580200084833447
cg05481257,-1.27775350609197,0.543576771480795,0.330771476959645,0.212805294521151,0.00231456595268807,0.00618104016021724
cg23443158,2.12268952910639,0.315057138317446,0.635693766615181,-0.320636628297735,0.00234122056652694,0.00624009883127283
cg10044179,1.41742640239404,0.29349370482368,0.512087643227683,-0.218593938404003,0.00235763625153628,0.00627851047433152
cg11404906,-2.24541927322064,0.673721798688161,0.323105324836983,0.350616473851178,0.00235802788322699,0.0062789718427801
cg14323910,2.33190574040625,0.546347773978241,0.860437561105821,-0.31408978712758,0.00254473082575684,0.00669592462948842
cg23213876,2.08453097379986,0.549072773828656,0.838895913786073,-0.289823139957417,0.00255104150426169,0.00671005284895956
cg12060786,-1.5129965275442,0.38658936955312,0.179457781665871,0.207131587887249,0.0026411891434664,0.00691017605782263
cg12543132,1.46683747794209,0.31856460053915,0.548113720328027,-0.229549119788877,0.00264614736073662,0.00692094517136315
cg18391209,-1.95358833415602,0.781584274063402,0.490758250345424,0.290826023717978,0.00276233767476444,0.00717694293629339
cg27141850,-1.47697925078738,0.467799006531077,0.238857802669272,0.228941203861805,0.00300826538651875,0.0077106787459645
cg05995465,2.08028002889987,0.564335868132445,0.855368512084158,-0.291032643951713,0.00310640337680481,0.00792216217168683
cg13860040,1.47351390294327,0.406392421164921,0.646651974597696,-0.240259553432775,0.00318949740164893,0.00810272870298838
cg19074779,2.25595414652954,0.708251690284165,0.930487901893038,-0.222236211608873,0.00324459914430215,0.00822256390039267
cg04234412,-2.79910775534108,0.693620727167013,0.295458167584521,0.398162559582492,0.00332683641585953,0.00839757070417307
rs2385226,-3.15931487415141,0.671132810676447,0.287988384931529,0.383144425744919,0.00340187541604897,0.00855856028192039
cg27286614,2.84982750923887,0.542864403429588,0.866602473779881,-0.323738070350294,0.00344800286721018,0.00865800284021195
cg22221554,2.19207768142499,0.375791368459884,0.709398935365481,-0.333607566905597,0.00349012409717326,0.00874778412013572
cg01412970,1.43824670124568,0.266848771413068,0.477642770455296,-0.210793999042228,0.00349761875276841,0.00876290994300942
cg16678169,-1.89606428146061,0.294830555226448,0.0919351367266584,0.20289541849979,0.00353116209928785,0.00883297820059177
cg08331829,-1.92940282365803,0.711872761323885,0.446326379906083,0.265546381417803,0.00355073124973597,0.00887394919511521
cg18847598,2.75345163953679,0.335390705866886,0.729655184910967,-0.394264479044081,0.00359753578524853,0.00897204813549145
cg11194545,1.37418200427144,0.437258170027481,0.662361614422138,-0.225103444394658,0.00364755921171242,0.00907279738669555
cg12901064,1.56633619702207,0.290996661767848,0.52627740709706,-0.235280745329213,0.00374427508809437,0.00927672079321731
cg00116709,2.32883288811161,0.329844528234066,0.674299894308467,-0.3444553660744,0.00375888868419394,0.00930587484869756
cg23022053,-2.46212096808628,0.81835944708946,0.500957510876336,0.317401936213124,0.00382962245679908,0.00945656220398004
cg15977272,2.52117098988403,0.355964639318692,0.724703749039399,-0.368739109720707,0.00385828633301496,0.0095180688219526
cg03278611,-2.63839338859515,0.503333767189813,0.143526239386594,0.359807527803219,0.00388427932167179,0.00957245965854238
cg10687131,-1.25836327165345,0.477863171199674,0.275434805284809,0.202428365914865,0.00389319384613204,0.00958944684633127
cg20681688,-1.60083460382266,0.786808026796913,0.552235159481395,0.234572867315518,0.00400582551790284,0.00982571379614983
cg09229960,2.62934565607529,0.291434639231252,0.65980804978777,-0.368373410556518,0.00403560543388575,0.00988748906579738
cg26810336,1.40390721163855,0.370275221348734,0.597030331470189,-0.226755110121456,0.00403935900230681,0.00989519751471533
cg05782751,1.53423811912678,0.263685378419753,0.484938738407214,-0.221253359987461,0.00407642837006492,0.00997315305365461
cg25271479,-1.53890928709084,0.425733461899402,0.225732234970209,0.200001226929193,0.00417404814177955,0.0101747402163241
cg01924074,2.18335651945951,0.28151610183928,0.594354058860764,-0.312837957021484,0.00418260915385326,0.0101920434326572
cg26348696,-2.00598819394604,0.868736981104365,0.610204897376856,0.258532083727509,0.00423311001094863,0.010293109833671
cg21954650,1.41575872796244,0.536558867644786,0.758331065398837,-0.221772197754051,0.00432531751600687,0.0104811178596739
cg13874425,1.45370324213799,0.353572477820332,0.586104726214475,-0.232532248394143,0.00446824932296501,0.0107756224468219
cg01740135,3.44226107851376,0.404853214927551,0.867365674410292,-0.462512459482741,0.00450717796840601,0.0108544593817338
cg24863802,2.02722496521017,0.319158418915573,0.622792527301496,-0.303634108385924,0.004562401399602,0.0109668413527338
cg25533133,1.37268515116944,0.571181805107244,0.773994963674297,-0.202813158567053,0.00464485895075985,0.0111333699084983
cg01201512,-2.20200173426507,0.551759083627456,0.255844406747219,0.295914676880236,0.00471426924484875,0.0112758059401139
cg05528899,-2.03786401309475,0.763901441316805,0.485875292791347,0.278026148525458,0.00476817548389936,0.0113831994628485
cg12614178,1.47107851692502,0.283458611005164,0.501668053215764,-0.218209442210601,0.00481921395724172,0.0114865872514682
rs9292570,-2.60719501642663,0.44378960795641,0.186536576270791,0.257253031685619,0.00493474207449244,0.0117146968092859
cg17658113,1.56355291093329,0.534592874331321,0.763980133798831,-0.22938725946751,0.00493809701229102,0.0117218050622351
cg02263675,1.49602858917176,0.414992549337758,0.657761978888546,-0.242769429550788,0.0050068911652313,0.0118585742033165
cg25593194,-2.8136527717354,0.626128086614567,0.26377686172943,0.362351224885137,0.00503378096213626,0.0119131075154537
cg26375010,1.80898201723762,0.4116605851356,0.696843005933356,-0.285182420797756,0.00507502508737313,0.0119955329664614
cg15988569,2.57530675796304,0.24544566041145,0.613094135898736,-0.367648475487286,0.00510976821837577,0.0120644014112562
cg20766178,2.48014699926025,0.358250676786296,0.719578780750298,-0.361328103964002,0.00512139291375461,0.0120876759996281
rs2959823,2.56465702895182,0.426021248600095,0.774513724310477,-0.348492475710381,0.00532269260380848,0.012491613426602
cg16046605,-2.01072690731581,0.610493269222152,0.338120325699385,0.272372943522768,0.00533998030485166,0.0125241958954433
cg25179313,2.12400287615222,0.306961501765476,0.617704771580211,-0.310743269814735,0.00538499117676691,0.012611982509705
cg26011713,1.21554602084861,0.471271163083936,0.671846039713828,-0.200574876629892,0.00550573859908191,0.0128524331862636
cg08430277,-1.73120673564158,0.679528144114757,0.432541693393223,0.246986450721534,0.00566781296615146,0.0131690482461779
cg25576048,2.02667254769078,0.319953206956924,0.621052336450539,-0.301099129493615,0.00569558035065465,0.0132244049722401
cg20090066,2.31086683257343,0.479159218029617,0.81182658911221,-0.332667371082593,0.00574821104922599,0.0133254461398485
cg21211688,-1.99983251082786,0.753345603451751,0.437296315403802,0.316049288047949,0.00585904072213402,0.0135438286940418
cg25656978,2.47571733326809,0.304460852649747,0.65386961956553,-0.349408766915783,0.00586062435054475,0.0135469402689744
cg02579620,1.4708215488113,0.286123300950227,0.503573244165713,-0.217449943215486,0.0059139546316552,0.0136516758659072
cg22569627,2.25603063445943,0.308733203349506,0.634053416452442,-0.325320213102937,0.0059910045755665,0.0138013228398854
cg10318351,1.91078091223454,0.287361870629934,0.563730944105034,-0.2763690734751,0.00611909920362765,0.0140526978106628
cg17404449,1.77458144801992,0.591856313912718,0.84021967851485,-0.248363364602133,0.00636433713059566,0.0145295844557245
cg17934320,1.79760400075171,0.351455835232893,0.628925831982266,-0.277469996749373,0.00637713208284516,0.0145535510422285
rs798149,4.0122292644908,0.318856607526409,0.778545350235572,-0.459688742709163,0.0065718925977596,0.0149203966833079
cg17197278,2.35094353170287,0.317366115698847,0.653877233457658,-0.336511117758811,0.0066293835829056,0.0150311717467837
cg12697337,1.52799464218891,0.4672228123415,0.704659033130684,-0.237436220789183,0.00683056862235631,0.0154101260136591
rs1040870,-2.74551857770113,0.50388216509848,0.131851697844623,0.372030467253857,0.00686359941025201,0.0154734545836918
cg04681171,1.67468665762567,0.368440275931066,0.630725880051292,-0.262285604120226,0.00704543842151096,0.0158179093880956
cg08461617,1.59277976860644,0.367081616461653,0.617875736720738,-0.250794120259085,0.00732970384603458,0.0163563055535836
cg19922518,1.33638382986819,0.355250780358711,0.567475671353422,-0.212224890994711,0.00741406338318672,0.0165164391195562
cg16652920,2.2250553088807,0.701776281101399,0.928824352696727,-0.227048071595329,0.00742302282111225,0.0165336829803382
cg02994943,1.95622109275098,0.346524170426976,0.641998399773084,-0.295474229346108,0.00752720967870499,0.0167315664114163
cg24976563,2.64387966088077,0.586394741166594,0.879617450869204,-0.29322270970261,0.00766022055233695,0.0169802300010287
cg08673814,1.53714639098575,0.431062260106766,0.67451877775945,-0.243456517652684,0.00770354342938287,0.0170626657286566
cg17729873,1.76994244629232,0.276640981822624,0.528248568286341,-0.251607586463717,0.00791715244428201,0.0174618616094969
cg05515244,1.60084476141635,0.640589538604011,0.852360865735501,-0.21177132713149,0.00816058810577925,0.0179214887215573
cg16626088,1.61232751088953,0.342562784754228,0.591623790817415,-0.249061006063187,0.00818453119376424,0.0179664590519772
cg12543338,1.63598580986818,0.376961324750504,0.635187315939709,-0.258225991189204,0.00823444815772266,0.0180596977652728
cg26035071,2.559391616338,0.504626190230552,0.853579194545008,-0.348953004314455,0.00841822437140747,0.0183951880194336
cg01742836,2.36936768468645,0.354870872932604,0.697691062465551,-0.342820189532947,0.00854693746629834,0.0186325360633928
cg01808284,2.23360976388859,0.478080240574942,0.807729875381418,-0.329649634806476,0.008668633862173,0.01885496570069
cg24376537,1.60125417915623,0.311156394745805,0.550607187305312,-0.239450792559508,0.00882388011781746,0.0191422407303668
cg15170964,1.64242985660653,0.277064892264348,0.511090909400738,-0.23402601713639,0.00888249976335334,0.0192478070530851
cg13574945,2.48830454212204,0.349626001247073,0.703225872903936,-0.353599871656862,0.00910150349600568,0.0196544083977895
cg25317260,1.61670328156643,0.375477680795371,0.629668363126579,-0.254190682331208,0.00921852586943502,0.0198676506142303
cg01809408,1.47745065186419,0.375416507815626,0.609269406044327,-0.233852898228701,0.00929276471413744,0.0200068191365025
cg11075353,2.14421667851846,0.412397719346106,0.719347104386654,-0.306949385040548,0.00932073091210333,0.0200586983501002
cg04533591,1.85019482744119,0.288314442652462,0.5521101243745,-0.263795681722038,0.00943099837342817,0.0202562478105564
cg07792871,1.28599533139715,0.458008170858961,0.662042622616008,-0.204034451757047,0.00953399945944082,0.0204439809414189
cg19635884,2.28746583820221,0.251053083429043,0.548891487086617,-0.297838403657575,0.00959155135029117,0.0205411283358622
cg18935349,1.32306113889647,0.38236810201804,0.595400829535446,-0.213032727517407,0.00974408258471738,0.0208146306540897
cg11314779,1.62796713442746,0.585658051092994,0.7857589696837,-0.200100918590706,0.0100267803584604,0.0213234550294938
cg04798314,-2.04302400999152,0.777178432709818,0.505164440896714,0.272013991813104,0.0100492755756189,0.0213653185103029
cg00433220,1.81252654037647,0.38923611935617,0.669946840273496,-0.280710720917327,0.0101436561052974,0.0215382724809532
rs10774834,3.08181758822031,0.393454663561368,0.765860602946531,-0.372405939385163,0.010182877715373,0.0216078747754785
cg20455959,2.05385736988287,0.365981696730752,0.673251985929766,-0.307270289199014,0.0102050895686263,0.0216461474319798
cg02195366,2.44960667707007,0.305235509398972,0.641412012108641,-0.336176502709669,0.0102357866991092,0.0217031396810412
cg23556238,2.18191217142495,0.563779169651856,0.856101187093801,-0.292322017441946,0.0102954707253058,0.0218077763395079
cg04165337,-1.74674494523295,0.84306140079543,0.604877715951454,0.238183684843976,0.010832284731579,0.0227769761438655
cg01118640,-2.19892239528046,0.740474042900405,0.445201797106374,0.295272245794031,0.0110924443364594,0.0232404580167639
cg23591463,-2.26604774076438,0.369599091478082,0.101659123154002,0.26793996832408,0.0111433523073961,0.0233304030245059
cg02770249,2.16146452170052,0.307760145639348,0.611865012190688,-0.30410486655134,0.0113089200229752,0.0236319275661958
cg17339373,2.01573299804451,0.263106980881366,0.533149666532768,-0.270042685651402,0.0113898394918471,0.0237722748451985
cg26303777,1.89105812830065,0.642992977632887,0.881020921357945,-0.238027943725058,0.0113974587778913,0.0237864361941359
cg04675306,1.76212649514894,0.408106770521491,0.682120934672266,-0.274014164150774,0.0115005559545955,0.0239627297448724
cg06822229,1.7461369071244,0.318882927270016,0.576131063167518,-0.257248135897502,0.0115412589730688,0.0240346481029956
cg11673471,2.34888567762366,0.347691187991131,0.68236498310235,-0.334673795111219,0.0115722002009296,0.0240911649328371
cg14302130,2.11392269614502,0.538413556008998,0.827199550843694,-0.288785994834696,0.0117234593878395,0.0243607013986394
cg09018810,1.75300699788242,0.278230627760807,0.523362097824893,-0.245131470064086,0.0117633827985739,0.0244320861286765
cg10033433,-1.59015128376072,0.71142152965237,0.507605294615099,0.203816235037272,0.0119236382927436,0.0247087582869924
cg26119746,2.04993914114991,0.323463965630293,0.619051241447587,-0.295587275817294,0.0119291497162216,0.0247180304798627
cg00466309,2.28432569490713,0.328311942977054,0.650996547645844,-0.322684604668789,0.0119316903048353,0.0247222247313166
cg08084984,-1.96407753763544,0.775166665460157,0.51384302532172,0.261323640138437,0.0124722233501809,0.0256613109747512
cg26023405,2.39686379040834,0.327441282458425,0.660960295370312,-0.333519012911887,0.0124793508985557,0.0256736599191588
cg04083966,2.56932954626708,0.581269688926914,0.897074191056992,-0.315804502130078,0.0126326381303067,0.0259431539864807
cg05971102,1.94765084305129,0.456385270068087,0.748288442479027,-0.29190317241094,0.0131519831180766,0.0268271099343683
cg08282969,1.54502492299945,0.381014949588332,0.623757539811494,-0.242742590223162,0.0133026785070319,0.0270971776307841
cg27375748,1.70610529334025,0.322057830957359,0.573556072753381,-0.251498241796023,0.0133228710095188,0.0271324939357083
cg02059823,2.0098838207386,0.699562468414936,0.91387493519676,-0.214312466781824,0.013466002358393,0.0273794262295456
cg03315469,2.53830904059495,0.40455835224469,0.724746950374831,-0.320188598130141,0.0134814605914722,0.0274055508178925
cg21696374,2.01879670593106,0.457607795800015,0.740645701790449,-0.283037905990435,0.0140181971792198,0.0283300081848504
cg10415021,1.58277623635459,0.301573333766795,0.537567169491135,-0.23599383572434,0.0140624969210905,0.0284079575041895
cg06136002,2.38737197382614,0.277274473112754,0.588658393242246,-0.311383920129492,0.0141029464624503,0.0284785728628763
cg13232075,2.19993413753558,0.354345346688628,0.662999527257782,-0.308654180569155,0.0141244317470467,0.0285148904603692
cg16490124,-1.72769135516189,0.43672689079113,0.226350313695531,0.210376577095598,0.0141270165521068,0.0285190990854724
cg13203541,2.10510825283712,0.349503308407195,0.655219812057436,-0.305716503650242,0.0141858139386564,0.028621584900327
cg12129080,-1.55713805305563,0.736207179603154,0.496523981733595,0.239683197869559,0.0142714315077753,0.0287653221037902
cg24263233,1.33070435254565,0.376911373546676,0.588995085567518,-0.212083712020843,0.014312456729016,0.0288388379186023
cg14961598,1.96288435647749,0.232127894114689,0.47544560718547,-0.243317713070782,0.0144024256931316,0.0289919486982891
cg17571782,1.83808685372525,0.314065216837432,0.578720204318523,-0.264654987481091,0.0147088711987131,0.0295077808701993
cg01884384,1.45489059862867,0.269149462268113,0.470511007427718,-0.201361545159605,0.0147137063808669,0.0295164424351845
cg01472026,1.38559718779341,0.456053033688379,0.679890104343423,-0.223837070655044,0.0148109062987311,0.029686888021893
cg20015269,2.16179101935783,0.343292319497628,0.652810284302451,-0.309517964804824,0.0149371103709045,0.0299041122681713
cg23622129,2.4055319076032,0.482839239426155,0.828776114431843,-0.345936875005688,0.0149752756750426,0.0299678938812664
cg23696472,2.37403501704653,0.36642694842354,0.702415219909093,-0.335988271485553,0.0150276786621604,0.030054830268515
rs9363764,-2.49884859483993,0.720833224845342,0.41027170390829,0.310561520937052,0.0151511314871251,0.0302677616326024
cg06049774,1.30337698472831,0.355983220118194,0.560914050723451,-0.204930830605257,0.0151611840031918,0.0302862522454287
cg09867002,1.88095426624579,0.645513622817408,0.879456757586718,-0.23394313476931,0.0151766399964347,0.0303141884707663
cg06041068,2.08636170325326,0.34420165600287,0.644912934809397,-0.300711278806527,0.0151888135174435,0.0303350694178587
cg26536949,-1.82824264022373,0.705725729750438,0.434470651079577,0.27125507867086,0.0152017010752548,0.0303570288488197
cg23251359,1.66869823176754,0.354909445602908,0.608290773069552,-0.253381327466644,0.0152595395539165,0.0304576553150225
cg02330362,1.37514444933744,0.308797408318972,0.512148175426629,-0.203350767107657,0.0153674465030646,0.0306376459886639
cg08963013,1.88997042780812,0.410890351655866,0.685546600404917,-0.274656248749051,0.0157814964111755,0.0313382219752013
cg07973125,-1.72755130388018,0.871985926030262,0.632543119788795,0.239442806241466,0.0164726903153908,0.0325263656787206
cg00532122,2.24935427476289,0.452346626160665,0.772770069740851,-0.320423443580186,0.0164752107732337,0.0325293105143937
cg01364818,2.15567686496803,0.307598707394704,0.603355000239776,-0.295756292845072,0.0165957771565254,0.0327312142141495
cg06620254,1.68216296429892,0.293956912108477,0.53104295287766,-0.237086040769183,0.0166981945600295,0.0328973672577216
cg17294479,1.48105520618122,0.395139894177689,0.629512468046187,-0.234372573868498,0.0168372963015128,0.0331239213515996
cg14260918,2.04356380918444,0.274095150056926,0.54385203620275,-0.269756886145824,0.0169958111649548,0.0333914153859802
cg22265142,1.29000568188533,0.44167102908179,0.652169310939054,-0.210498281857264,0.0170676946774346,0.0335147459120535
cg17274024,1.53687449312704,0.381800967936243,0.62183864938126,-0.240037681445017,0.0170699305515831,0.033518559245656
cg09785377,-1.48645079856118,0.840853644513394,0.628991541386204,0.21186210312719,0.0173898739602695,0.0340629353088214
cg23408987,1.60319915714878,0.283716824378426,0.508288704844242,-0.224571880465815,0.0175734012544838,0.0343692983892611
cg24186901,2.37050707955622,0.328674791977892,0.651837088543089,-0.323162296565198,0.0177130985693038,0.0345909053891536
cg14044167,2.39446444373934,0.644902702838623,0.914440261482244,-0.269537558643621,0.0177153395504668,0.0345939477768308
cg06558166,1.9157514985148,0.34992145790781,0.630531213302595,-0.280609755394785,0.017735702024455,0.034629116852734
cg20749341,2.29302405949744,0.338777916687594,0.657159567607882,-0.318381650920289,0.0177551071775415,0.0346610715904256
cg24686902,-1.62058754767765,0.687628298557751,0.451226168657959,0.236402129899793,0.0178140396674012,0.0347564853729047
cg01166930,1.25381862193884,0.38327281780092,0.583467506000687,-0.200194688199767,0.017979731389071,0.0350258336543585
cg26220594,-1.42024081645309,0.564662463215673,0.34411950654482,0.220542956670853,0.0179829803354398,0.03503036776088
cg04317640,1.95053326460293,0.33170046295992,0.61101356090698,-0.27931309794706,0.0183427428301143,0.0356192323353744
cg12277627,1.65046139303755,0.439540408657153,0.698273881365651,-0.258733472708498,0.0184308798937881,0.0357684583206007
cg03732411,1.5126991711386,0.37795875041481,0.612245465124945,-0.234286714710135,0.018485913782837,0.0358606163376197
cg07940380,1.66065883164724,0.318796306370523,0.559779893519042,-0.240983587148519,0.0187696269234861,0.036337436960953
cg18486231,2.26302079199566,0.517983039871739,0.839146890238339,-0.321163850366599,0.0191961052178758,0.0370354644137212
rs264581,-2.39969175883574,0.6556609142473,0.365868236219005,0.289792678028295,0.0194247664674421,0.0374139661906174
cg26606552,1.62137311339253,0.291523898864293,0.518145407069108,-0.226621508204816,0.0197296608407195,0.0379173341348158
cg19238394,2.06274084732501,0.263559514551267,0.526315559487597,-0.262756044936329,0.0197553849576767,0.0379614005074491
cg10812889,1.5406882722828,0.491739609349436,0.729837521149916,-0.23809791180048,0.0199760798588841,0.0383218159082594
cg01516881,1.60125222726627,0.247304888607995,0.453673509051817,-0.206368620443822,0.0200229437825353,0.0384033212671843
cg23685102,1.92867396184696,0.366609432285783,0.650374540384037,-0.283765108098254,0.0202687388151144,0.0388081780304905
cg15041487,1.97877498923762,0.299225023390978,0.568568388580859,-0.269343365189881,0.0202896504587844,0.0388384366485975
cg08479532,1.82364743952534,0.331067834364417,0.593760157665268,-0.262692323300851,0.0203313218074172,0.0389039769850513
cg24328927,1.5957254351047,0.374084802869457,0.618453110118157,-0.2443683072487,0.0205708204896425,0.0392909217083026
cg13023833,2.26209938278194,0.346574359545678,0.66063348902429,-0.314059129478612,0.0205857880888858,0.0393128017631055
cg00380985,1.69397699884126,0.323540484652083,0.568434312164659,-0.244893827512576,0.0207394136124291,0.0395605988337373
cg20641280,1.88657072683877,0.302792841604477,0.56291267974495,-0.260119838140473,0.0207629540831335,0.0395982171784818
cg08338641,1.83811263461756,0.38036178761516,0.656094421328646,-0.275732633713486,0.0207881964644367,0.0396395186846379
cg15661671,1.37667104207633,0.37533051750705,0.590940290075484,-0.215609772568434,0.020878893695036,0.0397933800386281
cg25206026,1.71032458734849,0.396703356989499,0.659022429480496,-0.262319072490997,0.0209754304941737,0.0399513326597335
cg15418221,2.39563855490562,0.285098216812203,0.588365813504383,-0.30326759669218,0.0210443850176982,0.0400659403118115
cg15083522,-1.45260725201586,0.828298723201467,0.616489885238636,0.211808837962831,0.0212581363168737,0.040410833080537
rs1467387,-2.69627650041047,0.619988311830668,0.271723021251301,0.348265290579368,0.0212837635906526,0.0404480882154693
cg05438092,1.66515802171346,0.342259730326098,0.588082512946285,-0.245822782620187,0.0214825448921818,0.0407545499586399
cg00546757,1.97809418084749,0.472010487985238,0.760446035702751,-0.288435547717514,0.0216054281908397,0.0409576947575487
cg06936709,1.71640146431309,0.29746699946296,0.535757514771247,-0.238290515308287,0.0217432409650799,0.0411724110575542
cg22835630,1.77414849533985,0.637356709011745,0.865448088430274,-0.228091379418529,0.0218148917701953,0.0412847813186738
cg08841290,1.58673673411976,0.358391496859208,0.598036198529333,-0.239644701670124,0.0223006089441343,0.0420481089914026
cg06889571,1.7477997705433,0.578493290766839,0.821920887498973,-0.243427596732134,0.0223983092026136,0.0422005281163629
cg14533999,-1.6692645178564,0.849599904043501,0.606509176168895,0.243090727874607,0.0226242798119547,0.0425573282937205
cg07428182,1.5144866691794,0.359053385685484,0.588733609465898,-0.229680223780414,0.0228278655026978,0.0428837490504312
cg05889642,1.89416029399149,0.305605292368672,0.565609014857617,-0.260003722488945,0.0228864791545558,0.0429782286813734
cg15964132,1.33170294359751,0.371667652449079,0.576033072369131,-0.204365419920053,0.0231653315342258,0.0434354250853331
cg25202367,2.16154804861451,0.596412025871886,0.872342449705536,-0.27593042383365,0.0235746330333977,0.0440955791611523
cg14520448,1.37592600247067,0.315812546551052,0.517407726460011,-0.20159517990896,0.0236167892272665,0.0441653210458572
cg03022891,1.42193831911777,0.486297204739373,0.70637325683328,-0.220076052093908,0.0236941596692065,0.0442850134702337
cg16464924,-2.10650082160205,0.684340033144508,0.384328945863604,0.300011087280904,0.0239577452141331,0.0447051314023699
rs2857639,1.92235850912462,0.433665316755145,0.710061273099928,-0.276395956344783,0.0248896661010315,0.0461856565869485
cg19797013,1.91587108018861,0.322204513213294,0.588470686783787,-0.266266173570493,0.0249122238091636,0.0462199948103575
cg10328548,2.13085555768967,0.723480543853491,0.931001842110635,-0.207521298257144,0.0249821755171679,0.0463309345873222
cg13915481,1.79903252137949,0.35164384127701,0.613410767157081,-0.261766925880071,0.0254004568993635,0.0469958519241837
cg01128042,2.41434809043517,0.614355388724863,0.903524604469082,-0.289169215744219,0.0256003986716501,0.0473104402869469
cg09867302,1.39026321841672,0.413403735710257,0.634500250641502,-0.221096514931245,0.0256503261493339,0.0473843626460507
cg11476907,1.76295759566123,0.656968461296639,0.875834267899991,-0.218865806603352,0.0259730545612528,0.0478936591796434
cg05840533,1.59478748941026,0.662469759349299,0.867863925244329,-0.20539416589503,0.0262156802794962,0.0482747933566952
cg23195763,1.77812375755187,0.585129671545752,0.833516933389102,-0.24838726184335,0.0270398598160162,0.0495603293310783
cg23712855,1.95444743634525,0.318141713817065,0.585251439342082,-0.267109725525017,0.0270986996931769,0.0496562043510892
